{
  "totalSessions": 5250917,
  "campaignSessions": 5250945,
  "audienceVariationSessions": 1370055,
  "audienceBaselineSessions": 151654,
  "audienceSessions": 1521709,
  "campaignReach": 1.0,
  "audienceReach": 0.28979716984276166,
  "audienceVariationReach": 0.9003396838685978,
  "audienceBaselineReach": 0.09966031613140226
}